{
    "intents": 
    [
        {"tag": "greeting",
         "patterns": ["Hi", "How are you", "Is anyone there?", "Hello", "Good day", "Whats up"],
         "responses": ["Hello!", "Good to see you again!", "Hi there, how can I help?"],
         "context_set": ""
        },
        {"tag": "goodbye",
         "patterns": ["cya", "See you later", "Goodbye", "I am Leaving", "Have a Good day", "bye"],
         "responses": ["Sad to see you go :(", "Talk to you later", "Goodbye!"],
         "context_set": ""
        },
        {"tag": "age",
         "patterns": ["how old", "how old is vishank", "what is your age", "how old are you", "age?"],
         "responses": ["I am 50 years old!", "50 years young!"],
         "context_set": ""
        },
        {"tag": "name",
         "patterns": ["what is your name", "what should I call you", "whats your name?"],
         "responses": ["You can call me Chris.", "I'm Chris!", "I'm Chris."],
         "context_set": ""
        },
        {"tag": "shop",
         "patterns": ["Id like to buy something", "whats on the menu", "what do you reccommend?", "could i get something to eat"],
         "responses": ["We sell chocolate chip cookies for $2!", "Cookies are on the menu!"],
         "context_set": ""
        },
        {"tag": "hours",
         "patterns": ["when are you guys open", "what are your hours", "hours of operation"],
         "responses": ["We are open 7am-4pm Monday-Friday!"],
         "context_set": ""
        },
        {"tag": "hospital",
         "patterns": ["when are you guys sick", "what are your patient levels", "hours of operation now"],
         "responses": ["We are open everyday 24/7", "They are very sick"],
         "context_set": ""
        }
   ]
}
